lam,seed,pr
0,0,3.771030205974212
0,1,3.334800790920658
0,2,2.487586366181246
2,0,4.120387653201091
2,1,4.210326216077087
2,2,3.259590873113589
4,0,4.338088976364404
4,1,3.0676279601616034
4,2,3.7562634807681925
6,0,3.679394326237613
6,1,3.607775925792951
6,2,4.272287915028493
8,0,4.0295895076084935
8,1,4.079112575965523
8,2,4.000871032927175
10,0,5.045877524331611
10,1,4.202816597041891
10,2,3.971736006343623
